<?xml version="1.0" encoding="UTF-8"?>
<UbiServer version="4.0.0000.0000">
	<Environment licensePath=""
		admin="YWRtaW4="
		adminImgUri="./ubi4/js/images"
		xslPath=""
		osCharset="KSC5601" />
	<LogInfo logPath=""
		timeZone="GMT+9"
		rowSize="5"
		backupStyle="date"
		backupSize="30"
		backupPattern="yyyy-MM-dd"
		useLog="true"
		info="true" />
	<Resources>
		<DataSource id="SAMPLE_DB1" type="lookup" dataSourceName="jdbc/tutorial" charset="KSC5601" />
		<DataSource id="SAMPLE_DB2" type="nonlookup" dataSourceName="jdbc/oradb" charset="KSC5601" />
		<DataSource id="sqlserver"
			type="direct" 
			vendor="sqlserver"
			driverClassName="com.microsoft.sqlserver.jdbc.SQLServerDriver"
			url="jdbc:sqlserver://12.4.11.170:1433;DatabaseName=BROADBAND_ISC2016"
			charset="KSC5601"
			username="isc_dba"
			passsword="wjdqhqhgh2011!" />
		<DataSource id="Tutorial"
			type="direct" 
			vendor="Access"
			driverClassName="sun.jdbc.odbc.JdbcOdbcDriver"
			url="jdbc:odbc:UbiReport40"
			charset="KSC5601"
			username=""
			passsword="" />
	</Resources>
	<UbiServiceInfo urftype="normal" connectionTime="1800000">
		<UbiService ip="localhost" port="16996" />
	</UbiServiceInfo>
</UbiServer>
