<?xml version="1.0" encoding="UTF-8"?>
<!DOCTYPE tiles-definitions PUBLIC
    "-//Apache Software Foundation//DTD Tiles Configuration 3.0//EN"
    "http://tiles.apache.org/dtds/tiles-config_3_0.dtd">

<tiles-definitions>

    <!-- EDDS tiles 기본 템플릿 -->
    <definition name="eddsU" template="/WEB-INF/views/layouts/front/template.jsp" preparer="com.skbroadband.edds.common.MenuPreparer">
        <put-attribute name="header" value="/WEB-INF/views/layouts/front/header.jsp"/>
        <put-attribute name="top" value="/WEB-INF/views/layouts/front/top.jsp"/>
        <put-attribute name="footer" value="/WEB-INF/views/layouts/front/footer.jsp"/>
        <put-attribute name="left" value="/WEB-INF/views/layouts/front/left.jsp"/>
        <put-attribute name="body" value=""/>
    </definition>

    <!-- EDDS tiles 기본 템플릿 -->
    <definition name="eddsA" template="/WEB-INF/views/layouts/front/template.jsp" preparer="com.skbroadband.edds.common.MenuPreparer">
        <put-attribute name="header" value="/WEB-INF/views/layouts/front/header.jsp"/>
        <put-attribute name="top" value="/WEB-INF/views/layouts/front/top.jsp"/>
        <put-attribute name="footer" value="/WEB-INF/views/layouts/front/footer.jsp"/>
        <put-attribute name="left" value="/WEB-INF/views/layouts/front/left.jsp"/>
        <put-attribute name="body" value=""/>
    </definition>

    <!-- EDDS tiles 기본 템플릿 -->
    <definition name="pop" template="/WEB-INF/views/layouts/front/templatePopup.jsp">
        <put-attribute name="header" value="/WEB-INF/views/layouts/front/headerPopup.jsp"/>
        <put-attribute name="body" value=""/>
    </definition>

    <!--login -->
    <definition name="login" template="/WEB-INF/views/modules/common/login/login.jsp"></definition>

    <!--passwdChange -->
    <definition name="passwdChange" template="/WEB-INF/views/modules/common/login/passwdChange.jsp"></definition>

    <!-- <definition name="main" extends="isc_noleft"> -->
    <definition name="main" extends="eddsU">
        <put-attribute name="body" value="/WEB-INF/views/modules/contents/requestInfo.jsp"/>
    </definition>
   
    <definition name="user" extends="eddsU">
        <put-attribute name="body" value="/WEB-INF/views/modules/contents/requestInfo.jsp"/>
    </definition>

    <!-- Common layout template -->
    <definition name="common" template="/WEB-INF/views/layouts/common/template.jsp">
        <put-attribute name="body" value=""/>
    </definition>

    <definition name="common/*/*" extends="common">
        <put-attribute name="body" value="/WEB-INF/views/modules/common/{1}/{2}.jsp"/>
    </definition>

    <definition name="excel/*/*/*" template="/WEB-INF/views/admin/modules/{1}/{2}/{3}.jsp"></definition>

    <definition name="excel/*/*" template="/WEB-INF/views/admin/modules/{1}/{2}.jsp"></definition>

    <definition name="popup/*/*/*" extends="pop">
        <put-attribute name="body" value="/WEB-INF/views/modules/{1}/{2}/{3}.jsp"/>
    </definition>
    <definition name="popup/*/*" extends="pop">
        <put-attribute name="body" value="/WEB-INF/views/modules/{1}/{2}.jsp"/>
    </definition>

    <!-- Front layout template extends -->
    <definition name="admin/*/*/*" extends="eddsA">
        <put-attribute name="body" value="/WEB-INF/views/admin/modules/{1}/{2}/{3}.jsp"/>
    </definition>
    <definition name="admin/*/*" extends="eddsA">
        <put-attribute name="body" value="/WEB-INF/views/admin/modules/{1}/{2}.jsp"/>
    </definition>
    <definition name="admin/*" extends="eddsA">
        <put-attribute name="body" value="/WEB-INF/views/admin/modules/{1}.jsp"/>
    </definition>

    <!-- Front layout template extends -->
    <definition name="*/*/*" extends="eddsU">
        <put-attribute name="body" value="/WEB-INF/views/modules/{1}/{2}/{3}.jsp"/>
    </definition>
    <definition name="*/*" extends="eddsU">
        <put-attribute name="body" value="/WEB-INF/views/modules/{1}/{2}.jsp"/>
    </definition>
    <definition name="*" extends="eddsU">
        <put-attribute name="body" value="/WEB-INF/views/modules/{1}.jsp"/>
    </definition>
    
</tiles-definitions>
