<?xml version="1.0" encoding="UTF-8"?>
<!DOCTYPE tiles-definitions PUBLIC
    "-//Apache Software Foundation//DTD Tiles Configuration 3.0//EN"
    "http://tiles.apache.org/dtds/tiles-config_3_0.dtd">

<tiles-definitions>

    <!-- EDDS tiles 기본 템플릿 -->
    <definition name="edds" template="/WEB-INF/views/layouts/front/template.jsp">
        <put-attribute name="header" value="/WEB-INF/views/layouts/front/header.jsp"/>
        <put-attribute name="top" value="/WEB-INF/views/layouts/front/top.jsp"/>
        <put-attribute name="footer" value="/WEB-INF/views/layouts/front/footer.jsp"/>
        <put-attribute name="left" value="/WEB-INF/views/layouts/front/left.jsp"/>
        <put-attribute name="body" value=""/>
    </definition>

    <!-- EDDS tiles 기본 템플릿 -->
    <definition name="pop" template="/WEB-INF/views/layouts/front/template.jsp">
        <put-attribute name="header" value="/WEB-INF/views/layouts/front/headerPopup.jsp"/>
        <put-attribute name="body" value=""/>
    </definition>

    <!-- <definition name="main" extends="isc_noleft"> -->
    <definition name="main" extends="edds">
        <put-attribute name="body" value="/WEB-INF/views/modules/contents/requestInfo.jsp"/>
    </definition>
   
    <definition name="user" extends="edds">
        <put-attribute name="body" value="/WEB-INF/views/modules/contents/requestInfo.jsp"/>
    </definition>

    <definition name="popup/*/*/*" extends="pop">
        <put-attribute name="body" value="/WEB-INF/views/modules/{1}/{2}/{3}.jsp"/>
    </definition>
    <definition name="popup/*/*" extends="pop">
        <put-attribute name="body" value="/WEB-INF/views/modules/{1}/{2}.jsp"/>
    </definition>

    <!-- Front layout template extends -->
    <definition name="*/*/*" extends="edds">
        <put-attribute name="body" value="/WEB-INF/views/modules/{1}/{2}/{3}.jsp"/>
    </definition>
    <definition name="*/*" extends="edds">
        <put-attribute name="body" value="/WEB-INF/views/modules/{1}/{2}.jsp"/>
    </definition>
    <definition name="*" extends="edds">
        <put-attribute name="body" value="/WEB-INF/views/modules/{1}.jsp"/>
    </definition>

    <!-- Common layout template -->
    <definition name="common" template="/WEB-INF/views/layouts/common/template.jsp">
        <put-attribute name="body" value=""/>
    </definition>

    <!-- pisc 참조하기위한 템플릿. -->
    <definition name="asis" template="/WEB-INF/views/asis/asisTemplate.jsp">
        <put-attribute name="body" value=""/>
    </definition>
    
    <!-- ISC tiles 기본 템플릿 예제 -->
    <definition name="exam" template="/WEB-INF/views/exam/layouts/front/template.jsp">
        <put-attribute name="header" value="/WEB-INF/views/exam/layouts/front/header.jsp"/>
        <put-attribute name="top" value="/WEB-INF/views/exam/layouts/front/top.jsp"/>
        <put-attribute name="footer" value="/WEB-INF/views/exam/layouts/front/footer.jsp"/>
        <put-attribute name="left" value="/WEB-INF/views/exam/layouts/front/left.jsp"/>
        <put-attribute name="body" value=""/>
    </definition>
    
    <!-- ISC tiles 기본 템플릿 -->
    <definition name="isc" template="/WEB-INF/views/layouts/front/template.jsp">
        <put-attribute name="header" value="/WEB-INF/views/layouts/front/header.jsp"/>
        <put-attribute name="top" value="/WEB-INF/views/layouts/front/top.jsp"/>
        <put-attribute name="footer" value="/WEB-INF/views/layouts/front/footer.jsp"/>
        <put-attribute name="left" value="/WEB-INF/views/layouts/front/left.jsp"/>
        <put-attribute name="body" value=""/>
    </definition>
    
    <!-- ISC tiles 좌측메뉴 생략 기본 템플릿 -->
    <definition name="isc_noleft" template="/WEB-INF/views/layouts/front/templateNoLeft.jsp">
        <put-attribute name="header" value="/WEB-INF/views/layouts/front/header.jsp"/>
        <put-attribute name="top" value="/WEB-INF/views/layouts/front/top.jsp"/>
        <put-attribute name="footer" value="/WEB-INF/views/layouts/front/footer.jsp"/>        
        <put-attribute name="body" value=""/>
    </definition>
    
    
    <!-- 관리자 기본 템플릿 -->
    <definition name="admin" template="/WEB-INF/views/admin/layouts/template.jsp">
        <put-attribute name="header" value="/WEB-INF/views/admin/layouts/header.jsp"/>
        <put-attribute name="top" value="/WEB-INF/views/admin/layouts/top.jsp"/>
        <put-attribute name="footer" value="/WEB-INF/views/admin/layouts/footer.jsp"/>
        <put-attribute name="left" value="/WEB-INF/views/admin/layouts/left.jsp"/>
        <put-attribute name="body" value=""/>
    </definition>
    
    
    <!-- Front layout template -->
    <definition name="front" template="/WEB-INF/views/layouts/front/template.jsp">
        <put-attribute name="header" value="menu-preparer"/>
        <put-attribute name="footer" value="/WEB-INF/views/layouts/front/footer.jsp"/>
        <put-attribute name="left-menu" value="/WEB-INF/views/layouts/front/left-menu.jsp"/>
        <put-attribute name="body" value=""/>
    </definition>

    <definition
        name="menu-preparer"
        template="/WEB-INF/views/layouts/front/header.jsp"
        preparer="menuPreparer"/>

    <!-- Manager layout template -->
    <definition name="manager" template="/WEB-INF/views/layouts/manager/template.jsp">
        <put-attribute name="header" value="/WEB-INF/views/layouts/manager/header.jsp"/>
        <put-attribute name="footer" value="/WEB-INF/views/layouts/manager/footer.jsp"/>
        <put-attribute name="left" value="/WEB-INF/views/layouts/manager/left.jsp"/>
        <put-attribute name="body" value=""/>
    </definition>

    <!--
     | Common and Manager layout template extends
     | 주의 : 패턴매칭시 뷰이름이 `*`로 시작하는 뷰보다 먼저 정의 되어야 한다.
     ` -->
    <definition name="common/*/*" extends="common">
        <put-attribute name="body" value="/WEB-INF/views/modules/common/{1}/{2}.jsp"/>
    </definition>

    <!--
    <definition name="manager/*/*/*" extends="manager">
        <put-attribute name="body" value="/WEB-INF/views/modules/manager/{1}/{2}/{3}.jsp"/>
    </definition>
    <definition name="manager/*/*" extends="manager">
        <put-attribute name="body" value="/WEB-INF/views/modules/manager/{1}/{2}.jsp"/>
    </definition>
    <definition name="manager/*" extends="manager">
        <put-attribute name="body" value="/WEB-INF/views/modules/manager/{1}.jsp"/>
    </definition>
    -->
    
    <!-- site 관리자  -->
    <definition name="admin/*" extends="admin">
        <put-attribute name="body" value="/WEB-INF/views/admin/modules/{1}.jsp"/>
    </definition>
    <!-- site 관리자  -->
    <definition name="admin/*/*" extends="admin">
        <put-attribute name="body" value="/WEB-INF/views/admin/modules/{1}/{2}.jsp"/>
    </definition>

	<!-- pisc 참고용 template -->
    <definition name="asis/article/*" extends="asis">
        <put-attribute name="body" value="/WEB-INF/views/asis/article/{1}.jsp"/>
    </definition>
    <definition name="asis/*/*" extends="asis">
        <put-attribute name="body" value="/WEB-INF/views/asis/{1}.jsp"/>
    </definition>
    <definition name="asis/*" extends="asis">
        <put-attribute name="body" value="/WEB-INF/views/asis/{1}.jsp"/>
    </definition>
    
    <!-- isc 템플릿 -->
    <definition name="exam/*/*" extends="exam">
        <put-attribute name="body" value="/WEB-INF/views/exam/modules/{1}/{2}.jsp"/>
        <put-attribute name="header" value="/WEB-INF/views/exam/layouts/article/header.jsp"/>
        <put-attribute name="top" value="/WEB-INF/views/exam/layouts/article/top.jsp"/>
        <put-attribute name="footer" value="/WEB-INF/views/exam/layouts/article/footer.jsp"/>
        <put-attribute name="left" value="/WEB-INF/views/exam/layouts/article/left.jsp"/>
    </definition>
    <definition name="exam/*" extends="exam">
        <put-attribute name="body" value="/WEB-INF/views/exam/{1}.jsp"/>
    </definition>
   
    <!-- <definition name="main" extends="isc_noleft"> -->
    <definition name="main" extends="isc">
        <put-attribute name="body" value="/WEB-INF/views/modules/contents/requestInfo.jsp"/>
    </definition>
   
    <definition name="user" extends="isc">
        <put-attribute name="body" value="/WEB-INF/views/modules/contents/requestInfo.jsp"/>
    </definition>

    <definition name="popup/*/*/*" extends="asis">
        <put-attribute name="body" value="/WEB-INF/views/modules/{1}/{2}/{3}.jsp"/>
    </definition>
    <definition name="popup/*/*" extends="asis">
        <put-attribute name="body" value="/WEB-INF/views/modules/{1}/{2}.jsp"/>
    </definition>

    <!-- Front layout template extends -->
    <definition name="*/*/*" extends="isc">
        <put-attribute name="body" value="/WEB-INF/views/modules/{1}/{2}/{3}.jsp"/>
    </definition>
    <definition name="*/*" extends="isc">
        <put-attribute name="body" value="/WEB-INF/views/modules/{1}/{2}.jsp"/>
    </definition>
    <definition name="*" extends="isc">
        <put-attribute name="body" value="/WEB-INF/views/modules/{1}.jsp"/>
    </definition>

</tiles-definitions>
